id;name;latitude;longitude;bounds;geometry;type
8569;Lago di Garda;;;{'minlat': 45.4403205, 'minlon': 10.5109103, 'maxlat': 45.8848213, 'maxlon': 10.8768975};[{'lat': 45.5544121, 'lon': 10.5783868}, {'lat': 45.5544187, 'lon': 10.5782138}, {'lat': 45.5543558, 'lon': 10.5782259}, {'lat': 45.5543764, 'lon': 10.5784029}, {'lat': 45.5544121, 'lon': 10.5783868}];lake
193134;Lago di Tenno;;;{'minlat': 45.9353385, 'minlon': 10.8129378, 'maxlat': 45.9416097, 'maxlon': 10.8198639};[{'lat': 45.9361438, 'lon': 10.817401}, {'lat': 45.9361304, 'lon': 10.8175887}, {'lat': 45.9361151, 'lon': 10.8177792}, {'lat': 45.9360518, 'lon': 10.8180353}, {'lat': 45.9359811, 'lon': 10.8182358}, {'lat': 45.9359095, 'lon': 10.8183648}, {'lat': 45.9358942, 'lon': 10.8183923}, {'lat': 45.935816, 'lon': 10.8185739}, {'lat': 45.9357573, 'lon': 10.818742}, {'lat': 45.9356928, 'lon': 10.8188996}, {'lat': 45.9356153, 'lon': 10.8190348}, {'lat': 45.9355159, 'lon': 10.8192307}, {'lat': 45.9354126, 'lon': 10.8193791}, {'lat': 45.9353458, 'lon': 10.8194695}, {'lat': 45.9353385, 'lon': 10.819563}, {'lat': 45.9353964, 'lon': 10.8196795}, {'lat': 45.9354665, 'lon': 10.8197517}, {'lat': 45.9355347, 'lon': 10.8197998}, {'lat': 45.9355466, 'lon': 10.8198101}, {'lat': 45.9355948, 'lon': 10.8198504}, {'lat': 45.9356487, 'lon': 10.8198638}, {'lat': 45.9357489, 'lon': 10.8198639}, {'lat': 45.9358707, 'lon': 10.8198071}, {'lat': 45.9360486, 'lon': 10.8197452}, {'lat': 45.9361352, 'lon': 10.8197101}, {'lat': 45.9361515, 'lon': 10.8197107}, {'lat': 45.9362371, 'lon': 10.8197138}, {'lat': 45.9363188, 'lon': 10.8197043}, {'lat': 45.9363953, 'lon': 10.8196554}];lake
1429826;Lago d'Idro;;;{'minlat': 45.7332583, 'minlon': 10.4591745, 'maxlat': 45.8120527, 'maxlon': 10.53467};[{'lat': 45.7399276, 'lon': 10.4665622}, {'lat': 45.7398735, 'lon': 10.4668161}, {'lat': 45.7397078, 'lon': 10.467099}, {'lat': 45.7394088, 'lon': 10.4673847}, {'lat': 45.7392216, 'lon': 10.4673785}, {'lat': 45.7391422, 'lon': 10.4675918}, {'lat': 45.7391444, 'lon': 10.4679217}, {'lat': 45.7392538, 'lon': 10.4682733}, {'lat': 45.7393142, 'lon': 10.4686248}, {'lat': 45.739382, 'lon': 10.4688188}, {'lat': 45.739472, 'lon': 10.4690862}, {'lat': 45.7394762, 'lon': 10.4690987}, {'lat': 45.739836, 'lon': 10.4693326}, {'lat': 45.7400116, 'lon': 10.4691025}];lake
1470036;Lago di Cavedine;;;{'minlat': 45.9907686, 'minlon': 10.9394436, 'maxlat': 46.0097065, 'maxlon': 10.9567551};[{'lat': 45.9934422, 'lon': 10.9479213}, {'lat': 45.9934785, 'lon': 10.9478814}, {'lat': 45.9934295, 'lon': 10.9476762}, {'lat': 45.9933494, 'lon': 10.947469}, {'lat': 45.9932787, 'lon': 10.9472391}, {'lat': 45.9932615, 'lon': 10.9470755}, {'lat': 45.993273, 'lon': 10.9469674}, {'lat': 45.9932804, 'lon': 10.946687}, {'lat': 45.9932893, 'lon': 10.9463734}, {'lat': 45.9932838, 'lon': 10.9461537}, {'lat': 45.9932788, 'lon': 10.9459542}, {'lat': 45.9932454, 'lon': 10.9455992}, {'lat': 45.9932306, 'lon': 10.9454416}, {'lat': 45.9931673, 'lon': 10.9450413}, {'lat': 45.9930697, 'lon': 10.9447112}, {'lat': 45.9929063, 'lon': 10.9442626}, {'lat': 45.9927784, 'lon': 10.9439377}, {'lat': 45.9926676, 'lon': 10.9436563}, {'lat': 45.9926298, 'lon': 10.9435585}, {'lat': 45.9925434, 'lon': 10.9434115}, {'lat': 45.9923489, 'lon': 10.9432138}, {'lat': 45.9921027, 'lon': 10.9430065}, {'lat': 45.9915564, 'lon': 10.9426499}, {'lat': 45.9913273, 'lon': 10.9425625}, {'lat': 45.991088, 'lon': 10.9424607}, {'lat': 45.9908521, 'lon': 10.9423152}, {'lat': 45.9907972, 'lon': 10.9421134}, {'lat': 45.9907915, 'lon': 10.9420227}, {'lat': 45.9907686, 'lon': 10.9416588}, {'lat': 45.9907834, 'lon': 10.9415056}, {'lat': 45.9908065, 'lon': 10.9412654}, {'lat': 45.9908535, 'lon': 10.9410492}, {'lat': 45.9909077, 'lon': 10.9408001}, {'lat': 45.9909597, 'lon': 10.9405564}, {'lat': 45.9910587, 'lon': 10.9400927}, {'lat': 45.9910749, 'lon': 10.9400169}, {'lat': 45.9911011, 'lon': 10.9399614}, {'lat': 45.9911854, 'lon': 10.9397825}, {'lat': 45.9912194, 'lon': 10.9397104}, {'lat': 45.9912503, 'lon': 10.9395801}, {'lat': 45.9912755, 'lon': 10.9394738}, {'lat': 45.9913644, 'lon': 10.9394436}];lake
1558709;Lago di Toblino;;;{'minlat': 46.0458249, 'minlon': 10.9586081, 'maxlat': 46.0589506, 'maxlon': 10.9778245};[{'lat': 46.0458274, 'lon': 10.9628217}, {'lat': 46.0458249, 'lon': 10.9627957}, {'lat': 46.0459269, 'lon': 10.9626484}, {'lat': 46.0460796, 'lon': 10.962569}, {'lat': 46.0461744, 'lon': 10.9626026}, {'lat': 46.0467255, 'lon': 10.9627977}, {'lat': 46.0470087, 'lon': 10.9629312}, {'lat': 46.0472121, 'lon': 10.9630425}, {'lat': 46.0473065, 'lon': 10.9631315}, {'lat': 46.0473176, 'lon': 10.963142}, {'lat': 46.04741, 'lon': 10.9631961}, {'lat': 46.0475557, 'lon': 10.9632486}, {'lat': 46.0476683, 'lon': 10.9632347}, {'lat': 46.0478228, 'lon': 10.9631791}, {'lat': 46.0480898, 'lon': 10.9631559}, {'lat': 46.0483054, 'lon': 10.9631466}, {'lat': 46.0484992, 'lon': 10.9631397}, {'lat': 46.0486, 'lon': 10.963118}, {'lat': 46.0486849, 'lon': 10.9630439}, {'lat': 46.0488603, 'lon': 10.9628093}, {'lat': 46.048932, 'lon': 10.962673}, {'lat': 46.0489964, 'lon': 10.9625172}, {'lat': 46.0490453, 'lon': 10.9623466}, {'lat': 46.0490504, 'lon': 10.9622279}, {'lat': 46.0490762, 'lon': 10.9621092}, {'lat': 46.0491791, 'lon': 10.961946}, {'lat': 46.0493781, 'lon': 10.9617341}, {'lat': 46.0495358, 'lon': 10.9615811}, {'lat': 46.0496162, 'lon': 10.9614421}, {'lat': 46.049677, 'lon': 10.9613296}, {'lat': 46.0496945, 'lon': 10.9611956}, {'lat': 46.0497436, 'lon': 10.9610251}, {'lat': 46.0497653, 'lon': 10.9609499}, {'lat': 46.0498554, 'lon': 10.9607089}, {'lat': 46.049945, 'lon': 10.9605766}, {'lat': 46.0499841, 'lon': 10.9605188}, {'lat': 46.0501385, 'lon': 10.9604075}, {'lat': 46.0502415, 'lon': 10.9603102}, {'lat': 46.0503251, 'lon': 10.9602331}, {'lat': 46.0504313, 'lon': 10.9601711}, {'lat': 46.0505894, 'lon': 10.9601438}, {'lat': 46.0506569, 'lon': 10.9601321}, {'lat': 46.050772, 'lon': 10.9601665}, {'lat': 46.0508723, 'lon': 10.9601964}, {'lat': 46.0509475, 'lon': 10.9601672}];lake
1989834;Lago di Santa Massenza;;;{'minlat': 46.0590215, 'minlon': 10.9774542, 'maxlat': 46.0672218, 'maxlon': 10.9862717};[{'lat': 46.0590215, 'lon': 10.9774542}, {'lat': 46.0592063, 'lon': 10.9774696}, {'lat': 46.0602293, 'lon': 10.9779506}, {'lat': 46.0608476, 'lon': 10.9782889}, {'lat': 46.0612337, 'lon': 10.978213}, {'lat': 46.0613026, 'lon': 10.9782258}];lake
2435554;Laghi di Colbricon;;;{'minlat': 46.2806372, 'minlon': 11.7640177, 'maxlat': 46.2827301, 'maxlon': 11.7665935};[{'lat': 46.2817404, 'lon': 11.7663772}, {'lat': 46.2817542, 'lon': 11.7663649}, {'lat': 46.2818904, 'lon': 11.7661316}, {'lat': 46.2819806, 'lon': 11.7659366}, {'lat': 46.2820763, 'lon': 11.7658862}, {'lat': 46.2822265, 'lon': 11.7658192}, {'lat': 46.2822906, 'lon': 11.7657737}, {'lat': 46.2823297, 'lon': 11.7656459}, {'lat': 46.2823645, 'lon': 11.7655097}, {'lat': 46.2823663, 'lon': 11.7654352}, {'lat': 46.2823832, 'lon': 11.7652916}, {'lat': 46.2824848, 'lon': 11.7651864}, {'lat': 46.2826124, 'lon': 11.7651182}, {'lat': 46.2826692, 'lon': 11.7650026}];lake
2435555;Unnamed;;;{'minlat': 46.2830467, 'minlon': 11.7648671, 'maxlat': 46.2846055, 'maxlon': 11.7662615};[{'lat': 46.2845083, 'lon': 11.7650627}, {'lat': 46.2845742, 'lon': 11.7651293}, {'lat': 46.2845911, 'lon': 11.765174}, {'lat': 46.2845896, 'lon': 11.7652388}, {'lat': 46.2846055, 'lon': 11.765324}, {'lat': 46.2846036, 'lon': 11.7654018}, {'lat': 46.2845745, 'lon': 11.7654896}, {'lat': 46.2845457, 'lon': 11.7655644}, {'lat': 46.28449, 'lon': 11.765633}, {'lat': 46.2844804, 'lon': 11.7656585}, {'lat': 46.2844521, 'lon': 11.7657106}, {'lat': 46.2843932, 'lon': 11.7657287}, {'lat': 46.2843115, 'lon': 11.7657587}, {'lat': 46.2842381, 'lon': 11.7658166}, {'lat': 46.2841653, 'lon': 11.7658471}, {'lat': 46.2840829, 'lon': 11.7659062}, {'lat': 46.284019, 'lon': 11.7659435}, {'lat': 46.2839189, 'lon': 11.7659872}, {'lat': 46.2838815, 'lon': 11.766047}, {'lat': 46.2838399, 'lon': 11.7660919}, {'lat': 46.2838041, 'lon': 11.7660836}, {'lat': 46.2837597, 'lon': 11.7660571}, {'lat': 46.2837415, 'lon': 11.7660659}, {'lat': 46.2836696, 'lon': 11.7660606}, {'lat': 46.2836445, 'lon': 11.7661713}, {'lat': 46.283593, 'lon': 11.7662515}, {'lat': 46.2835343, 'lon': 11.7662615}, {'lat': 46.2835076, 'lon': 11.7662472}, {'lat': 46.2834902, 'lon': 11.7662252}, {'lat': 46.2834505, 'lon': 11.7661891}, {'lat': 46.2834239, 'lon': 11.7661748}, {'lat': 46.2833387, 'lon': 11.7661624}, {'lat': 46.2832621, 'lon': 11.7661667}, {'lat': 46.2832267, 'lon': 11.7661405}, {'lat': 46.2831522, 'lon': 11.7660557}, {'lat': 46.2831051, 'lon': 11.7659575}, {'lat': 46.2830681, 'lon': 11.7658129}, {'lat': 46.2830489, 'lon': 11.7656756}, {'lat': 46.2830506, 'lon': 11.7656059}, {'lat': 46.2830467, 'lon': 11.765583}, {'lat': 46.2830672, 'lon': 11.7654786}, {'lat': 46.2830915, 'lon': 11.7654068}, {'lat': 46.2831431, 'lon': 11.7653185}, {'lat': 46.2831941, 'lon': 11.7652545}];lake
2705400;Unnamed;;;{'minlat': 46.2951305, 'minlon': 11.3671024, 'maxlat': 46.2961724, 'maxlon': 11.368857};[{'lat': 46.2958349, 'lon': 11.3676493}, {'lat': 46.2959196, 'lon': 11.3678275}, {'lat': 46.2961724, 'lon': 11.3682975}, {'lat': 46.2960931, 'lon': 11.3687599}, {'lat': 46.2959091, 'lon': 11.368857}, {'lat': 46.2957493, 'lon': 11.3688369}, {'lat': 46.295594, 'lon': 11.3686551}, {'lat': 46.2953265, 'lon': 11.3680797}, {'lat': 46.2951947, 'lon': 11.3676222}];lake
2934208;Lago della Serraia;;;{'minlat': 46.1335049, 'minlon': 11.2493725, 'maxlat': 46.1416716, 'maxlon': 11.2628548};[{'lat': 46.1416381, 'lon': 11.2607307}, {'lat': 46.1416623, 'lon': 11.2608353}, {'lat': 46.1416716, 'lon': 11.260999}, {'lat': 46.141614, 'lon': 11.2611679}, {'lat': 46.1414969, 'lon': 11.2613771}, {'lat': 46.1414709, 'lon': 11.2614844}, {'lat': 46.1414486, 'lon': 11.2616588}, {'lat': 46.1413649, 'lon': 11.2617902}, {'lat': 46.1412869, 'lon': 11.2618492}, {'lat': 46.1412423, 'lon': 11.2618653}, {'lat': 46.1411719, 'lon': 11.2618678}, {'lat': 46.1410453, 'lon': 11.2617714}, {'lat': 46.1409877, 'lon': 11.2617661}, {'lat': 46.1409412, 'lon': 11.2618117}, {'lat': 46.1409579, 'lon': 11.2618734}, {'lat': 46.1409375, 'lon': 11.2619431}, {'lat': 46.1409319, 'lon': 11.2620531}, {'lat': 46.1409431, 'lon': 11.2620745}, {'lat': 46.1410063, 'lon': 11.2620852}, {'lat': 46.1410609, 'lon': 11.2622158}, {'lat': 46.1410825, 'lon': 11.2622676}, {'lat': 46.1410806, 'lon': 11.2623991}, {'lat': 46.1410955, 'lon': 11.26245}, {'lat': 46.1410025, 'lon': 11.2626619}, {'lat': 46.1408966, 'lon': 11.2627156}, {'lat': 46.1408111, 'lon': 11.2628548}, {'lat': 46.1407368, 'lon': 11.2627156}, {'lat': 46.1407777, 'lon': 11.2626324}, {'lat': 46.1408055, 'lon': 11.2626405}, {'lat': 46.1408371, 'lon': 11.2626136}, {'lat': 46.1408483, 'lon': 11.2625278}, {'lat': 46.1408037, 'lon': 11.2625251}, {'lat': 46.140655, 'lon': 11.2625654}, {'lat': 46.1405138, 'lon': 11.262611}, {'lat': 46.1404506, 'lon': 11.2625868}, {'lat': 46.1403186, 'lon': 11.262442}, {'lat': 46.1403, 'lon': 11.2625224}, {'lat': 46.1402313, 'lon': 11.2625359}, {'lat': 46.1403781, 'lon': 11.2627853}, {'lat': 46.1403075, 'lon': 11.262796}, {'lat': 46.1402257, 'lon': 11.2627397}, {'lat': 46.140051, 'lon': 11.2625493}, {'lat': 46.1398042, 'lon': 11.2623474}, {'lat': 46.139749, 'lon': 11.2623023}, {'lat': 46.1395696, 'lon': 11.2623213}, {'lat': 46.1394928, 'lon': 11.2623294}, {'lat': 46.1392728, 'lon': 11.2623392}, {'lat': 46.1392478, 'lon': 11.2622698}, {'lat': 46.139194, 'lon': 11.2622513}, {'lat': 46.1391661, 'lon': 11.2622452}];lake
3518778;Lago delle Buse;;;{'minlat': 46.1785857, 'minlon': 11.3231905, 'maxlat': 46.1799374, 'maxlon': 11.3249334};[{'lat': 46.1798781, 'lon': 11.3246907}, {'lat': 46.1798335, 'lon': 11.324804}, {'lat': 46.1797358, 'lon': 11.3249334}, {'lat': 46.1796267, 'lon': 11.3248863}, {'lat': 46.1795286, 'lon': 11.3248668}, {'lat': 46.1792978, 'lon': 11.3246684}, {'lat': 46.179261, 'lon': 11.3246661}, {'lat': 46.1788958, 'lon': 11.3243653}, {'lat': 46.1786429, 'lon': 11.3242112}, {'lat': 46.1785857, 'lon': 11.3240569}, {'lat': 46.178593, 'lon': 11.3237607}, {'lat': 46.1786238, 'lon': 11.3236773}, {'lat': 46.1786901, 'lon': 11.3235157}, {'lat': 46.1787842, 'lon': 11.3233665}, {'lat': 46.1788712, 'lon': 11.3232366}, {'lat': 46.1789771, 'lon': 11.3231905}, {'lat': 46.1790411, 'lon': 11.3232328}, {'lat': 46.1791047, 'lon': 11.3233294}, {'lat': 46.1792544, 'lon': 11.3233986}, {'lat': 46.1793662, 'lon': 11.3235912}, {'lat': 46.1795749, 'lon': 11.3235432}, {'lat': 46.1797192, 'lon': 11.3236094}, {'lat': 46.1799134, 'lon': 11.3237572}, {'lat': 46.1799374, 'lon': 11.3238445}, {'lat': 46.1799325, 'lon': 11.3243228}, {'lat': 46.1798781, 'lon': 11.3246907}];lake
5965884;Lago di Santa Colomba;;;{'minlat': 46.1228878, 'minlon': 11.1800969, 'maxlat': 46.12556, 'maxlon': 11.1818029};[{'lat': 46.1254107, 'lon': 11.1818029}, {'lat': 46.1251783, 'lon': 11.1817138}, {'lat': 46.1248233, 'lon': 11.1817123}, {'lat': 46.1244842, 'lon': 11.1816951}, {'lat': 46.1243771, 'lon': 11.1817123}, {'lat': 46.124165, 'lon': 11.1816089}, {'lat': 46.1238655, 'lon': 11.1815235}, {'lat': 46.1233599, 'lon': 11.1811458}, {'lat': 46.1231933, 'lon': 11.1808712}, {'lat': 46.1230981, 'lon': 11.1806308}, {'lat': 46.1228878, 'lon': 11.1802245}, {'lat': 46.1229674, 'lon': 11.1801277}, {'lat': 46.1231941, 'lon': 11.1801794}, {'lat': 46.1234531, 'lon': 11.1801386}, {'lat': 46.1236079, 'lon': 11.18015}, {'lat': 46.1236891, 'lon': 11.1801413}, {'lat': 46.1238418, 'lon': 11.1802245}, {'lat': 46.1240777, 'lon': 11.1801901}];lake
6422525;Lago di Tovel;;;{'minlat': 46.2565959, 'minlon': 10.9438326, 'maxlat': 46.2638343, 'maxlon': 10.9569016};[{'lat': 46.2596463, 'lon': 10.9445663}, {'lat': 46.2596297, 'lon': 10.9444279}, {'lat': 46.2595694, 'lon': 10.9443708}, {'lat': 46.2594529, 'lon': 10.9443467}, {'lat': 46.2590953, 'lon': 10.9443391}, {'lat': 46.2585046, 'lon': 10.9444249}, {'lat': 46.258203, 'lon': 10.9444911}, {'lat': 46.2578998, 'lon': 10.9446074}, {'lat': 46.2578245, 'lon': 10.9446114}, {'lat': 46.2577522, 'lon': 10.9445575}, {'lat': 46.2577355, 'lon': 10.9444733}, {'lat': 46.2577251, 'lon': 10.9442176}, {'lat': 46.2576814, 'lon': 10.9440853}, {'lat': 46.2576794, 'lon': 10.9440191}, {'lat': 46.2576294, 'lon': 10.9439379}, {'lat': 46.2575691, 'lon': 10.9439018}, {'lat': 46.2575047, 'lon': 10.9439108}, {'lat': 46.2573986, 'lon': 10.9438837}, {'lat': 46.2570658, 'lon': 10.9438326}, {'lat': 46.2569306, 'lon': 10.9439289}, {'lat': 46.2567601, 'lon': 10.9441677}, {'lat': 46.2567767, 'lon': 10.9443379}, {'lat': 46.2568839, 'lon': 10.9445205}, {'lat': 46.2568474, 'lon': 10.9447139}, {'lat': 46.2566977, 'lon': 10.9449305}, {'lat': 46.2566418, 'lon': 10.945113}, {'lat': 46.2565959, 'lon': 10.9455956}, {'lat': 46.2566016, 'lon': 10.9458751}, {'lat': 46.2567382, 'lon': 10.9461413}, {'lat': 46.2567823, 'lon': 10.9463136}, {'lat': 46.2568796, 'lon': 10.9464514}, {'lat': 46.2570897, 'lon': 10.9465507}, {'lat': 46.2573706, 'lon': 10.9466493}, {'lat': 46.2575119, 'lon': 10.9463732}, {'lat': 46.2575701, 'lon': 10.9463371}, {'lat': 46.2575951, 'lon': 10.9464003}, {'lat': 46.2575764, 'lon': 10.9465868}, {'lat': 46.257618, 'lon': 10.9467281}, {'lat': 46.2577885, 'lon': 10.9468409}, {'lat': 46.2578384, 'lon': 10.9467718}, {'lat': 46.2578925, 'lon': 10.9467281}, {'lat': 46.257985, 'lon': 10.9467748}, {'lat': 46.2581493, 'lon': 10.9468455}, {'lat': 46.2582575, 'lon': 10.9469898}, {'lat': 46.2583428, 'lon': 10.9470274}, {'lat': 46.2584543, 'lon': 10.947107}];lake
6444258;Lago di Lases;;;{'minlat': 46.1363151, 'minlon': 11.2187945, 'maxlat': 46.1420865, 'maxlon': 11.2232466};[{'lat': 46.1420477, 'lon': 11.2204323}, {'lat': 46.1420733, 'lon': 11.2206035}];lake
7097004;Unnamed;;;{'minlat': 46.1414063, 'minlon': 11.5527428, 'maxlat': 46.1422309, 'maxlon': 11.5536817};[{'lat': 46.1418951, 'lon': 11.5529793}, {'lat': 46.1418958, 'lon': 11.5530245}, {'lat': 46.1419002, 'lon': 11.5530942}, {'lat': 46.1419068, 'lon': 11.553141}, {'lat': 46.1419078, 'lon': 11.5531557}, {'lat': 46.1419101, 'lon': 11.5531774}, {'lat': 46.1419219, 'lon': 11.5531924}, {'lat': 46.1419375, 'lon': 11.5531925}, {'lat': 46.1419458, 'lon': 11.5531885}, {'lat': 46.1419578, 'lon': 11.5531964}, {'lat': 46.1419666, 'lon': 11.5532107}, {'lat': 46.141976, 'lon': 11.5532266}, {'lat': 46.1419939, 'lon': 11.5532362}, {'lat': 46.1420157, 'lon': 11.5532138}, {'lat': 46.1420386, 'lon': 11.5531663}, {'lat': 46.1420471, 'lon': 11.5531381}, {'lat': 46.1420441, 'lon': 11.5530918}, {'lat': 46.1420243, 'lon': 11.553049}, {'lat': 46.1420054, 'lon': 11.5530331}, {'lat': 46.1419772, 'lon': 11.5530176}, {'lat': 46.1419546, 'lon': 11.5529827}, {'lat': 46.1419611, 'lon': 11.5529571}, {'lat': 46.1419738, 'lon': 11.5529404}, {'lat': 46.1419753, 'lon': 11.5529158}, {'lat': 46.1419655, 'lon': 11.5529103}, {'lat': 46.1419447, 'lon': 11.5528969}, {'lat': 46.1419326, 'lon': 11.5529016}, {'lat': 46.1419178, 'lon': 11.5529184}, {'lat': 46.1418951, 'lon': 11.5529793}];lake
7376227;Lago di Lamar;;;{'minlat': 46.1287112, 'minlon': 11.0620179, 'maxlat': 46.1321433, 'maxlon': 11.0645328};[{'lat': 46.1300496, 'lon': 11.0620179}, {'lat': 46.1302102, 'lon': 11.0621123}, {'lat': 46.130579, 'lon': 11.0624471}, {'lat': 46.1307931, 'lon': 11.0626445}, {'lat': 46.1310251, 'lon': 11.0627046}, {'lat': 46.1312689, 'lon': 11.0629449}, {'lat': 46.1313046, 'lon': 11.0631509}, {'lat': 46.1315069, 'lon': 11.0631766}, {'lat': 46.1316092, 'lon': 11.0632711}, {'lat': 46.1316556, 'lon': 11.063314}, {'lat': 46.1318469, 'lon': 11.0634318}, {'lat': 46.13199, 'lon': 11.0635222}, {'lat': 46.132066, 'lon': 11.0636573}, {'lat': 46.1321136, 'lon': 11.0638976}, {'lat': 46.1321433, 'lon': 11.0640864}, {'lat': 46.1320838, 'lon': 11.0643439}, {'lat': 46.1319054, 'lon': 11.0645156}, {'lat': 46.1316496, 'lon': 11.0645328}, {'lat': 46.1313582, 'lon': 11.0645156}, {'lat': 46.1309775, 'lon': 11.0645156}, {'lat': 46.1306146, 'lon': 11.0643954}, {'lat': 46.1302325, 'lon': 11.0642136}, {'lat': 46.1296016, 'lon': 11.0636922}, {'lat': 46.1291157, 'lon': 11.0631166}, {'lat': 46.1287945, 'lon': 11.0626874}];lake
7403080;Lago di Garzon√©;;;{'minlat': 46.1394407, 'minlon': 10.7021861, 'maxlat': 46.1441599, 'maxlon': 10.7064968};[{'lat': 46.1433462, 'lon': 10.7022956}, {'lat': 46.1436133, 'lon': 10.7024003}, {'lat': 46.1436694, 'lon': 10.7024669}, {'lat': 46.1437155, 'lon': 10.7025954}, {'lat': 46.1437551, 'lon': 10.7026573}, {'lat': 46.1437584, 'lon': 10.7027858}, {'lat': 46.1438936, 'lon': 10.7028525}, {'lat': 46.1440453, 'lon': 10.7028715}, {'lat': 46.1440773, 'lon': 10.7029542}, {'lat': 46.1441599, 'lon': 10.7031445}, {'lat': 46.1440651, 'lon': 10.7032903}, {'lat': 46.1440255, 'lon': 10.7035902}, {'lat': 46.1440144, 'lon': 10.7038627}, {'lat': 46.1439631, 'lon': 10.7040941}, {'lat': 46.1438693, 'lon': 10.7042085}, {'lat': 46.1437415, 'lon': 10.7045299}, {'lat': 46.143544, 'lon': 10.7047944}, {'lat': 46.1433891, 'lon': 10.7050323}, {'lat': 46.1430857, 'lon': 10.7056225}, {'lat': 46.1429637, 'lon': 10.7057796}, {'lat': 46.1426042, 'lon': 10.7059605}, {'lat': 46.1424525, 'lon': 10.7060747}, {'lat': 46.1418891, 'lon': 10.7062607}, {'lat': 46.1415355, 'lon': 10.7064207}, {'lat': 46.1412981, 'lon': 10.7064968}, {'lat': 46.1408839, 'lon': 10.7064283}, {'lat': 46.1406016, 'lon': 10.7062645}, {'lat': 46.1404512, 'lon': 10.7061237}, {'lat': 46.1402586, 'lon': 10.7061693}, {'lat': 46.1398945, 'lon': 10.7062455}, {'lat': 46.139847, 'lon': 10.7062112}, {'lat': 46.1396201, 'lon': 10.706314}];lake
8315676;Lago di Cima d'Asta;;;{'minlat': 46.1710375, 'minlon': 11.6031736, 'maxlat': 46.1736393, 'maxlon': 11.6069765};[{'lat': 46.1727013, 'lon': 11.6066233}, {'lat': 46.1726142, 'lon': 11.6066492}, {'lat': 46.1725883, 'lon': 11.6066786}, {'lat': 46.1725329, 'lon': 11.6066892}, {'lat': 46.1725235, 'lon': 11.6067469}, {'lat': 46.17246, 'lon': 11.6068728}, {'lat': 46.1724247, 'lon': 11.6068646}, {'lat': 46.1723381, 'lon': 11.6068552}, {'lat': 46.1722995, 'lon': 11.6067945}, {'lat': 46.1722572, 'lon': 11.606811}, {'lat': 46.1722241, 'lon': 11.6068386}, {'lat': 46.1721763, 'lon': 11.6068313}, {'lat': 46.1721322, 'lon': 11.6068037}, {'lat': 46.1720935, 'lon': 11.6068037}, {'lat': 46.1720071, 'lon': 11.6068533}, {'lat': 46.1719151, 'lon': 11.6068901}, {'lat': 46.1718177, 'lon': 11.6069765}, {'lat': 46.1717588, 'lon': 11.6069765}, {'lat': 46.1717257, 'lon': 11.6069324}, {'lat': 46.1716669, 'lon': 11.6069655}, {'lat': 46.1715841, 'lon': 11.6069674}, {'lat': 46.1715289, 'lon': 11.606914}, {'lat': 46.1714241, 'lon': 11.6069085}, {'lat': 46.171323, 'lon': 11.6067595}, {'lat': 46.1712236, 'lon': 11.6067411}, {'lat': 46.1711961, 'lon': 11.6066841}, {'lat': 46.1711523, 'lon': 11.6066652}, {'lat': 46.1711004, 'lon': 11.6065995}, {'lat': 46.1710581, 'lon': 11.6065278}, {'lat': 46.1710416, 'lon': 11.6064616}, {'lat': 46.1710375, 'lon': 11.6061941}, {'lat': 46.17108, 'lon': 11.6061041}, {'lat': 46.1710668, 'lon': 11.6060497}, {'lat': 46.1710771, 'lon': 11.6058422}, {'lat': 46.1711286, 'lon': 11.6057348}, {'lat': 46.1711344, 'lon': 11.6056613}, {'lat': 46.1711918, 'lon': 11.6054921}, {'lat': 46.1711948, 'lon': 11.6054141}, {'lat': 46.1712772, 'lon': 11.6052184}, {'lat': 46.1712963, 'lon': 11.6050492}, {'lat': 46.1713095, 'lon': 11.6050095}, {'lat': 46.1713154, 'lon': 11.6049315}, {'lat': 46.1713522, 'lon': 11.6048609}, {'lat': 46.1713507, 'lon': 11.6048285}, {'lat': 46.1713051, 'lon': 11.6047653}, {'lat': 46.1713036, 'lon': 11.604677}, {'lat': 46.1712546, 'lon': 11.6046459}, {'lat': 46.1712169, 'lon': 11.6045635}, {'lat': 46.1712687, 'lon': 11.6045635}, {'lat': 46.1712852, 'lon': 11.6046}, {'lat': 46.1713193, 'lon': 11.6045953}, {'lat': 46.1713405, 'lon': 11.6044046}, {'lat': 46.1713675, 'lon': 11.6043987}, {'lat': 46.1713745, 'lon': 11.6043465}, {'lat': 46.1714286, 'lon': 11.6043089}, {'lat': 46.1714663, 'lon': 11.6042947}, {'lat': 46.1715122, 'lon': 11.604157}, {'lat': 46.1715169, 'lon': 11.6041029}, {'lat': 46.171544, 'lon': 11.6040817}, {'lat': 46.1715522, 'lon': 11.6040181}, {'lat': 46.1716169, 'lon': 11.6039864}, {'lat': 46.1715957, 'lon': 11.6039499}, {'lat': 46.1716334, 'lon': 11.6038922}, {'lat': 46.1716546, 'lon': 11.6038875}, {'lat': 46.171657, 'lon': 11.603831}, {'lat': 46.1717005, 'lon': 11.6037898}, {'lat': 46.1716963, 'lon': 11.6037631}, {'lat': 46.1717213, 'lon': 11.6036145}, {'lat': 46.1717396, 'lon': 11.603582}, {'lat': 46.1717719, 'lon': 11.6034023}, {'lat': 46.1718175, 'lon': 11.6033345}, {'lat': 46.1718915, 'lon': 11.6033171}, {'lat': 46.1719112, 'lon': 11.603284}, {'lat': 46.1721255, 'lon': 11.6032864}, {'lat': 46.172301, 'lon': 11.6031946}, {'lat': 46.1724067, 'lon': 11.6032066}, {'lat': 46.1724257, 'lon': 11.6031736}, {'lat': 46.1725093, 'lon': 11.6032122}, {'lat': 46.1724942, 'lon': 11.6032866}, {'lat': 46.1725204, 'lon': 11.6034107}, {'lat': 46.1725794, 'lon': 11.603459}, {'lat': 46.1727457, 'lon': 11.6034317}, {'lat': 46.172809, 'lon': 11.6033536}, {'lat': 46.1728448, 'lon': 11.6033431}, {'lat': 46.1728545, 'lon': 11.603297}, {'lat': 46.1729327, 'lon': 11.6032693}];lake
9123036;Lago di San Giuliano;;;{'minlat': 46.1452247, 'minlon': 10.7008596, 'maxlat': 46.1484906, 'maxlon': 10.7037419};[{'lat': 46.1453369, 'lon': 10.7013446}, {'lat': 46.1452524, 'lon': 10.7014786}, {'lat': 46.1452298, 'lon': 10.7016662}, {'lat': 46.1452247, 'lon': 10.701848}, {'lat': 46.1453155, 'lon': 10.7020633}, {'lat': 46.1453285, 'lon': 10.7023105}, {'lat': 46.1453578, 'lon': 10.702488}];lake
9185397;Laghi di Valbona;;;{'minlat': 46.0561869, 'minlon': 10.6433933, 'maxlat': 46.0582114, 'maxlon': 10.6476371};[{'lat': 46.058018, 'lon': 10.6443499}, {'lat': 46.0579587, 'lon': 10.6443056}, {'lat': 46.0579147, 'lon': 10.6442391}, {'lat': 46.0578488, 'lon': 10.6441915}, {'lat': 46.057807, 'lon': 10.6441218}, {'lat': 46.0577784, 'lon': 10.6440838}, {'lat': 46.0577806, 'lon': 10.6440458}, {'lat': 46.0577433, 'lon': 10.643935}, {'lat': 46.0576949, 'lon': 10.6438969}, {'lat': 46.0576707, 'lon': 10.6438368}, {'lat': 46.0576773, 'lon': 10.6437702}, {'lat': 46.0575872, 'lon': 10.6437449}, {'lat': 46.0574971, 'lon': 10.6437227}, {'lat': 46.0574443, 'lon': 10.6437196}, {'lat': 46.0574025, 'lon': 10.6437069}, {'lat': 46.0573432, 'lon': 10.6436815}, {'lat': 46.05733, 'lon': 10.6436214}, {'lat': 46.0572421, 'lon': 10.6435833}, {'lat': 46.0571805, 'lon': 10.6435833}, {'lat': 46.057141, 'lon': 10.6435485}, {'lat': 46.0570684, 'lon': 10.643558}, {'lat': 46.0570179, 'lon': 10.6434947}, {'lat': 46.0569277, 'lon': 10.643558}, {'lat': 46.0568904, 'lon': 10.6435485}, {'lat': 46.056864, 'lon': 10.6435105}, {'lat': 46.0568244, 'lon': 10.6434788}, {'lat': 46.0567871, 'lon': 10.6434788}, {'lat': 46.0567079, 'lon': 10.6434408}, {'lat': 46.0566771, 'lon': 10.6434598}, {'lat': 46.0566508, 'lon': 10.6433933}, {'lat': 46.0565496, 'lon': 10.643406}, {'lat': 46.0564507, 'lon': 10.6433996}, {'lat': 46.0563694, 'lon': 10.6434788}, {'lat': 46.0563056, 'lon': 10.6436499}, {'lat': 46.05631, 'lon': 10.6437417}, {'lat': 46.0562771, 'lon': 10.6438304}, {'lat': 46.0562925, 'lon': 10.6439888}, {'lat': 46.0562749, 'lon': 10.6441092}, {'lat': 46.0562771, 'lon': 10.6441947}, {'lat': 46.0562595, 'lon': 10.6442897}, {'lat': 46.0562881, 'lon': 10.6443563}, {'lat': 46.0562639, 'lon': 10.6444386}, {'lat': 46.0562705, 'lon': 10.644559}, {'lat': 46.0563254, 'lon': 10.6447047}, {'lat': 46.0563694, 'lon': 10.6448061}, {'lat': 46.0564068, 'lon': 10.6449454}, {'lat': 46.0564156, 'lon': 10.6451292}, {'lat': 46.0564068, 'lon': 10.6452369}, {'lat': 46.056354, 'lon': 10.6453509}, {'lat': 46.0563144, 'lon': 10.6454459}, {'lat': 46.0562595, 'lon': 10.6455156}, {'lat': 46.0561869, 'lon': 10.645731}, {'lat': 46.0562023, 'lon': 10.6460034}, {'lat': 46.0562243, 'lon': 10.6460383}, {'lat': 46.0562133, 'lon': 10.6460921}, {'lat': 46.0563408, 'lon': 10.6461333}, {'lat': 46.0563958, 'lon': 10.6461238}, {'lat': 46.0564222, 'lon': 10.6461206}, {'lat': 46.0564397, 'lon': 10.6461618}, {'lat': 46.0565409, 'lon': 10.646146}, {'lat': 46.0566354, 'lon': 10.6460858}, {'lat': 46.0566881, 'lon': 10.6460446}, {'lat': 46.0567563, 'lon': 10.6460193}, {'lat': 46.0567651, 'lon': 10.6459686}, {'lat': 46.0566837, 'lon': 10.6459623}, {'lat': 46.0566398, 'lon': 10.6458926}, {'lat': 46.0566244, 'lon': 10.6457912}, {'lat': 46.0566903, 'lon': 10.6457627}, {'lat': 46.0567453, 'lon': 10.6456898}, {'lat': 46.0567958, 'lon': 10.6455885}, {'lat': 46.0568596, 'lon': 10.6455061}, {'lat': 46.0568904, 'lon': 10.6454333}, {'lat': 46.0569519, 'lon': 10.6453953}, {'lat': 46.0569717, 'lon': 10.6453382}, {'lat': 46.0570348, 'lon': 10.6452425}, {'lat': 46.0574551, 'lon': 10.6452812}, {'lat': 46.0576484, 'lon': 10.6453469}, {'lat': 46.0578951, 'lon': 10.6452812}, {'lat': 46.0581014, 'lon': 10.6451575}, {'lat': 46.0582114, 'lon': 10.64502}, {'lat': 46.0582114, 'lon': 10.6448549}, {'lat': 46.0581323, 'lon': 10.6447871}, {'lat': 46.0581169, 'lon': 10.6446762}, {'lat': 46.0580532, 'lon': 10.6446065}, {'lat': 46.0580796, 'lon': 10.6445685}, {'lat': 46.0580664, 'lon': 10.6444861}, {'lat': 46.0580444, 'lon': 10.6444608}, {'lat': 46.0580444, 'lon': 10.6443943}, {'lat': 46.058018, 'lon': 10.6443499}];lake
11105167;Unnamed;;;{'minlat': 46.1381178, 'minlon': 10.6125382, 'maxlat': 46.1404967, 'maxlon': 10.6208798};[{'lat': 46.1402309, 'lon': 10.6208798}, {'lat': 46.1402716, 'lon': 10.6208585}, {'lat': 46.1403183, 'lon': 10.6208342}, {'lat': 46.1403406, 'lon': 10.6206813}, {'lat': 46.1403387, 'lon': 10.6205821}, {'lat': 46.140387, 'lon': 10.620515}, {'lat': 46.1404428, 'lon': 10.6204549}, {'lat': 46.1404725, 'lon': 10.6202951}, {'lat': 46.1404502, 'lon': 10.6201047}, {'lat': 46.1404354, 'lon': 10.6199947}, {'lat': 46.1403889, 'lon': 10.619874}, {'lat': 46.1403164, 'lon': 10.6197962}, {'lat': 46.1402346, 'lon': 10.6197399}, {'lat': 46.140164, 'lon': 10.6196514}, {'lat': 46.1400729, 'lon': 10.6190935}, {'lat': 46.1400488, 'lon': 10.6189379}, {'lat': 46.1400395, 'lon': 10.6187957}, {'lat': 46.1401176, 'lon': 10.6187662}, {'lat': 46.1401696, 'lon': 10.6187502}, {'lat': 46.1401956, 'lon': 10.6186429}, {'lat': 46.1402216, 'lon': 10.6185731}, {'lat': 46.1401956, 'lon': 10.6184766}, {'lat': 46.1402514, 'lon': 10.6184524}, {'lat': 46.1402607, 'lon': 10.6185651}, {'lat': 46.1403257, 'lon': 10.6187233}, {'lat': 46.1403796, 'lon': 10.6189299}, {'lat': 46.1404688, 'lon': 10.6190398}, {'lat': 46.1404967, 'lon': 10.6187823}, {'lat': 46.1404205, 'lon': 10.618498}, {'lat': 46.1403796, 'lon': 10.6182432}, {'lat': 46.1403183, 'lon': 10.6176263}, {'lat': 46.1403294, 'lon': 10.6174225}, {'lat': 46.1403034, 'lon': 10.6171972}, {'lat': 46.1402514, 'lon': 10.6169611}, {'lat': 46.1401956, 'lon': 10.6165963}, {'lat': 46.1401807, 'lon': 10.6163496}, {'lat': 46.1400953, 'lon': 10.6159311}, {'lat': 46.140073, 'lon': 10.6155181}, {'lat': 46.1400172, 'lon': 10.6153947}, {'lat': 46.1398964, 'lon': 10.6154859}, {'lat': 46.1398295, 'lon': 10.6153732}, {'lat': 46.1398313, 'lon': 10.6152338}, {'lat': 46.1398183, 'lon': 10.6150621}, {'lat': 46.1397514, 'lon': 10.6150916}, {'lat': 46.1396864, 'lon': 10.6150407}, {'lat': 46.1396994, 'lon': 10.6149119}, {'lat': 46.1396715, 'lon': 10.6148207}, {'lat': 46.1398481, 'lon': 10.6147617}, {'lat': 46.1399391, 'lon': 10.6147537}, {'lat': 46.13998, 'lon': 10.6148851}, {'lat': 46.1400209, 'lon': 10.6147295}, {'lat': 46.1399949, 'lon': 10.614472}, {'lat': 46.1398945, 'lon': 10.6142628}, {'lat': 46.1398276, 'lon': 10.6141502}, {'lat': 46.1397198, 'lon': 10.6140107}, {'lat': 46.139757, 'lon': 10.6138658}, {'lat': 46.1396938, 'lon': 10.6136674}, {'lat': 46.1395823, 'lon': 10.613544}, {'lat': 46.1394671, 'lon': 10.6134528}, {'lat': 46.1394819, 'lon': 10.6132731}];lake
11116389;Lago di Barco;;;{'minlat': 46.2724446, 'minlon': 10.7053369, 'maxlat': 46.2748458, 'maxlon': 10.7085749};[{'lat': 46.2724843, 'lon': 10.706026}, {'lat': 46.2727092, 'lon': 10.7057772}, {'lat': 46.2728945, 'lon': 10.7053752}, {'lat': 46.2730797, 'lon': 10.7053561}, {'lat': 46.273609, 'lon': 10.7053369}, {'lat': 46.273841, 'lon': 10.7054823}, {'lat': 46.2741779, 'lon': 10.7058155}, {'lat': 46.2743896, 'lon': 10.70616}, {'lat': 46.2745044, 'lon': 10.7067625}, {'lat': 46.2745963, 'lon': 10.7072978}, {'lat': 46.2747122, 'lon': 10.7076864}, {'lat': 46.2748287, 'lon': 10.7080489}, {'lat': 46.2748458, 'lon': 10.7082376}, {'lat': 46.2747724, 'lon': 10.7084655}, {'lat': 46.2746931, 'lon': 10.7085749}, {'lat': 46.27451, 'lon': 10.7085022}, {'lat': 46.2743655, 'lon': 10.7085017}, {'lat': 46.2742613, 'lon': 10.7083562}, {'lat': 46.2740853, 'lon': 10.7081508}, {'lat': 46.2738339, 'lon': 10.7079593}, {'lat': 46.2735957, 'lon': 10.7079211}, {'lat': 46.2733708, 'lon': 10.7078636}, {'lat': 46.2731062, 'lon': 10.7073851}, {'lat': 46.2728548, 'lon': 10.7074425}, {'lat': 46.272696, 'lon': 10.707232}];lake
11124466;Lago Piccolo;;;{'minlat': 46.2636378, 'minlon': 10.7085024, 'maxlat': 46.2643755, 'maxlon': 10.7102175};[{'lat': 46.2636455, 'lon': 10.7098373}, {'lat': 46.2636378, 'lon': 10.7096448}, {'lat': 46.2636802, 'lon': 10.7094943}, {'lat': 46.2637285, 'lon': 10.7092707}, {'lat': 46.2636898, 'lon': 10.7089914}, {'lat': 46.2637671, 'lon': 10.7086701}, {'lat': 46.2639699, 'lon': 10.7085024}, {'lat': 46.2642114, 'lon': 10.7085583}, {'lat': 46.2643466, 'lon': 10.7088377}, {'lat': 46.2643755, 'lon': 10.7091031}, {'lat': 46.2643562, 'lon': 10.7094663}, {'lat': 46.2643273, 'lon': 10.7097178}, {'lat': 46.2641341, 'lon': 10.7097597}, {'lat': 46.2640695, 'lon': 10.7100734}, {'lat': 46.2640398, 'lon': 10.7101625}, {'lat': 46.2639565, 'lon': 10.7102175}];lake
11153772;Lago Lambin;;;{'minlat': 46.2357342, 'minlon': 10.7764893, 'maxlat': 46.2370764, 'maxlon': 10.7818984};[{'lat': 46.2367243, 'lon': 10.7776768}, {'lat': 46.2367069, 'lon': 10.7778993}, {'lat': 46.2366473, 'lon': 10.7782274}, {'lat': 46.2365915, 'lon': 10.778461}, {'lat': 46.2365627, 'lon': 10.7786863}, {'lat': 46.2365415, 'lon': 10.7787364}, {'lat': 46.2365281, 'lon': 10.7788309}, {'lat': 46.2365088, 'lon': 10.7788698}, {'lat': 46.2365242, 'lon': 10.7789283}, {'lat': 46.2365127, 'lon': 10.7790228}, {'lat': 46.23653, 'lon': 10.779351}, {'lat': 46.2365184, 'lon': 10.7794177}, {'lat': 46.2365358, 'lon': 10.7796068}, {'lat': 46.2365723, 'lon': 10.7797653}, {'lat': 46.2366204, 'lon': 10.7798015}, {'lat': 46.2366826, 'lon': 10.7799239}, {'lat': 46.2367711, 'lon': 10.7799656}, {'lat': 46.2368442, 'lon': 10.7800601}, {'lat': 46.2368884, 'lon': 10.7800768}, {'lat': 46.236925, 'lon': 10.7801046}, {'lat': 46.2369423, 'lon': 10.7801714}, {'lat': 46.2369827, 'lon': 10.7801964}, {'lat': 46.2370231, 'lon': 10.7802826}, {'lat': 46.2370154, 'lon': 10.7803243}, {'lat': 46.2370423, 'lon': 10.7803716}, {'lat': 46.2370634, 'lon': 10.7805663}, {'lat': 46.2370634, 'lon': 10.7806469}, {'lat': 46.2370764, 'lon': 10.7807165}, {'lat': 46.2370472, 'lon': 10.7807642}, {'lat': 46.237051, 'lon': 10.7808531}, {'lat': 46.2370568, 'lon': 10.7809282}, {'lat': 46.2370221, 'lon': 10.7810645}, {'lat': 46.2370087, 'lon': 10.7811785}, {'lat': 46.2369779, 'lon': 10.7812926}, {'lat': 46.2369529, 'lon': 10.7813982}, {'lat': 46.2369548, 'lon': 10.7814566}, {'lat': 46.2369394, 'lon': 10.7814956}, {'lat': 46.2369414, 'lon': 10.7816179}, {'lat': 46.2369019, 'lon': 10.7817343}, {'lat': 46.2368942, 'lon': 10.7818177}, {'lat': 46.2368769, 'lon': 10.7818845}, {'lat': 46.2368422, 'lon': 10.7818984}, {'lat': 46.2367903, 'lon': 10.7818845}, {'lat': 46.2367422, 'lon': 10.7818205}, {'lat': 46.2366576, 'lon': 10.781687}, {'lat': 46.2365499, 'lon': 10.7815619}, {'lat': 46.2364594, 'lon': 10.7814395}, {'lat': 46.2364037, 'lon': 10.7813811}, {'lat': 46.2363498, 'lon': 10.7813728}, {'lat': 46.2362921, 'lon': 10.7812504}, {'lat': 46.2361632, 'lon': 10.7810835}, {'lat': 46.2361113, 'lon': 10.7810474}, {'lat': 46.236042, 'lon': 10.7810307}, {'lat': 46.2359959, 'lon': 10.7809556}, {'lat': 46.2359458, 'lon': 10.7809083}, {'lat': 46.2359208, 'lon': 10.7808388}, {'lat': 46.2358785, 'lon': 10.7808027}, {'lat': 46.2358285, 'lon': 10.7807999}, {'lat': 46.23579, 'lon': 10.7807721}, {'lat': 46.2357477, 'lon': 10.7807109}, {'lat': 46.2357342, 'lon': 10.7805969}, {'lat': 46.2357766, 'lon': 10.7805357}, {'lat': 46.2357862, 'lon': 10.7804634}, {'lat': 46.2358612, 'lon': 10.7803716}, {'lat': 46.2358727, 'lon': 10.780291}, {'lat': 46.2359112, 'lon': 10.7802298}, {'lat': 46.2359632, 'lon': 10.7801408}, {'lat': 46.2359593, 'lon': 10.7800351}, {'lat': 46.2359574, 'lon': 10.7798905}, {'lat': 46.2359458, 'lon': 10.7797959}, {'lat': 46.2359593, 'lon': 10.7796847}, {'lat': 46.2359593, 'lon': 10.7795874}, {'lat': 46.2359247, 'lon': 10.77944}, {'lat': 46.2358727, 'lon': 10.779376}, {'lat': 46.2358477, 'lon': 10.7792926}, {'lat': 46.2358477, 'lon': 10.7792203}, {'lat': 46.2358574, 'lon': 10.7791897}, {'lat': 46.2358247, 'lon': 10.779084}, {'lat': 46.23584, 'lon': 10.7789561}, {'lat': 46.2358574, 'lon': 10.7788977}, {'lat': 46.2358881, 'lon': 10.7788754}, {'lat': 46.235892, 'lon': 10.7788393}, {'lat': 46.2358862, 'lon': 10.7787809}, {'lat': 46.2358631, 'lon': 10.778703}, {'lat': 46.2358766, 'lon': 10.7785973}, {'lat': 46.235917, 'lon': 10.7784944}, {'lat': 46.2359766, 'lon': 10.7782942}, {'lat': 46.2359785, 'lon': 10.7782302}, {'lat': 46.2359882, 'lon': 10.7781718}, {'lat': 46.2360074, 'lon': 10.7780967}, {'lat': 46.2360074, 'lon': 10.777941}, {'lat': 46.2360035, 'lon': 10.7778242}, {'lat': 46.2360247, 'lon': 10.7777547}, {'lat': 46.2360632, 'lon': 10.7777157}, {'lat': 46.2360497, 'lon': 10.7776156}, {'lat': 46.2360497, 'lon': 10.7774293}, {'lat': 46.2360459, 'lon': 10.7773125}, {'lat': 46.2360786, 'lon': 10.7771985}, {'lat': 46.236117, 'lon': 10.7771011}, {'lat': 46.2361344, 'lon': 10.7769676}, {'lat': 46.2361344, 'lon': 10.776798}, {'lat': 46.2361286, 'lon': 10.7766867}, {'lat': 46.2361363, 'lon': 10.7766422}, {'lat': 46.2361555, 'lon': 10.7765866}, {'lat': 46.2361728, 'lon': 10.7765338}, {'lat': 46.2362132, 'lon': 10.7765032}];lake
11153796;Lago di Cornisello Inferiore;;;{'minlat': 46.2200978, 'minlon': 10.7309351, 'maxlat': 46.2218083, 'maxlon': 10.7348696};[{'lat': 46.2213575, 'lon': 10.7319093}, {'lat': 46.2213918, 'lon': 10.7323782}, {'lat': 46.2214372, 'lon': 10.7325643}, {'lat': 46.2215411, 'lon': 10.7324973}, {'lat': 46.2217211, 'lon': 10.7325295}, {'lat': 46.2218083, 'lon': 10.7327601}, {'lat': 46.2217285, 'lon': 10.7327655}, {'lat': 46.2216617, 'lon': 10.7325938}, {'lat': 46.2215782, 'lon': 10.7325697}, {'lat': 46.2214706, 'lon': 10.7326475}, {'lat': 46.2215552, 'lon': 10.733039}, {'lat': 46.2215681, 'lon': 10.7333057}, {'lat': 46.2215323, 'lon': 10.7337137}];lake
11155752;Lago Nero;;;{'minlat': 46.2440296, 'minlon': 10.781838, 'maxlat': 46.2450176, 'maxlon': 10.7829773};[{'lat': 46.2445669, 'lon': 10.7828961}, {'lat': 46.2446068, 'lon': 10.7828798}, {'lat': 46.2446406, 'lon': 10.7827854}, {'lat': 46.2446406, 'lon': 10.7826422}, {'lat': 46.2446616, 'lon': 10.7825173}, {'lat': 46.244708, 'lon': 10.7824472}, {'lat': 46.2447564, 'lon': 10.7825051}, {'lat': 46.2448344, 'lon': 10.7824868}, {'lat': 46.2448976, 'lon': 10.782435}, {'lat': 46.2449629, 'lon': 10.7823467}, {'lat': 46.2450155, 'lon': 10.7822553}, {'lat': 46.2450176, 'lon': 10.7821792}, {'lat': 46.2449671, 'lon': 10.7820726}, {'lat': 46.244946, 'lon': 10.7819324}, {'lat': 46.2448617, 'lon': 10.7818502}, {'lat': 46.2448021, 'lon': 10.7818433}];lake
11155756;Lago Serodoli;;;{'minlat': 46.2467251, 'minlon': 10.7761503, 'maxlat': 46.2497382, 'maxlon': 10.7802626};[{'lat': 46.2493432, 'lon': 10.777112}, {'lat': 46.2491115, 'lon': 10.7768348}, {'lat': 46.2490452, 'lon': 10.7767306}, {'lat': 46.2489174, 'lon': 10.7766003}, {'lat': 46.2488142, 'lon': 10.7765363}, {'lat': 46.248769, 'lon': 10.7764214}, {'lat': 46.2485795, 'lon': 10.7763178}, {'lat': 46.2484383, 'lon': 10.7762356}, {'lat': 46.2482614, 'lon': 10.776196}, {'lat': 46.2481329, 'lon': 10.7761503}, {'lat': 46.2482066, 'lon': 10.7763026}, {'lat': 46.2481582, 'lon': 10.7764153}, {'lat': 46.2480865, 'lon': 10.7765585}, {'lat': 46.2479454, 'lon': 10.7766285}, {'lat': 46.2478982, 'lon': 10.7767617}, {'lat': 46.2477992, 'lon': 10.7768439}, {'lat': 46.2477129, 'lon': 10.7768318}, {'lat': 46.2476328, 'lon': 10.7766916}, {'lat': 46.2475001, 'lon': 10.7766307}, {'lat': 46.2474032, 'lon': 10.7766094}, {'lat': 46.2473442, 'lon': 10.7766795}, {'lat': 46.2471968, 'lon': 10.7767191}, {'lat': 46.2470601, 'lon': 10.7766551}, {'lat': 46.2469695, 'lon': 10.7765302}, {'lat': 46.2468937, 'lon': 10.7764632}, {'lat': 46.2468115, 'lon': 10.7765211}, {'lat': 46.2467883, 'lon': 10.7766368}, {'lat': 46.2467251, 'lon': 10.7767008}, {'lat': 46.246782, 'lon': 10.7768592}, {'lat': 46.2469463, 'lon': 10.7770206}, {'lat': 46.2470517, 'lon': 10.7772247}, {'lat': 46.2471465, 'lon': 10.7775324}, {'lat': 46.2471781, 'lon': 10.7777151}, {'lat': 46.2472033, 'lon': 10.7778735}, {'lat': 46.2471444, 'lon': 10.7780776}, {'lat': 46.2471401, 'lon': 10.778297}, {'lat': 46.2470917, 'lon': 10.7785376}, {'lat': 46.2471106, 'lon': 10.7788392}, {'lat': 46.2470988, 'lon': 10.779038}];lake
11155761;Lago Gelato;;;{'minlat': 46.2456054, 'minlon': 10.7683623, 'maxlat': 46.2489158, 'maxlon': 10.7742131};[{'lat': 46.2481807, 'lon': 10.7729489}, {'lat': 46.2481175, 'lon': 10.7729185}, {'lat': 46.2480938, 'lon': 10.7729794}, {'lat': 46.2480069, 'lon': 10.7729832}, {'lat': 46.2480042, 'lon': 10.7728956}, {'lat': 46.247954, 'lon': 10.7728058}, {'lat': 46.2479171, 'lon': 10.7727335}, {'lat': 46.2479816, 'lon': 10.7726374}, {'lat': 46.2480764, 'lon': 10.7726374}, {'lat': 46.248137, 'lon': 10.7725422}, {'lat': 46.2481934, 'lon': 10.7723573}, {'lat': 46.2482066, 'lon': 10.7720412}, {'lat': 46.2482039, 'lon': 10.7718204}, {'lat': 46.2481486, 'lon': 10.7716452}, {'lat': 46.2481565, 'lon': 10.7714929}, {'lat': 46.2482118, 'lon': 10.7712111}, {'lat': 46.2481616, 'lon': 10.7710566}, {'lat': 46.2481386, 'lon': 10.7709126}, {'lat': 46.2481712, 'lon': 10.7707671}, {'lat': 46.2483002, 'lon': 10.7707633}, {'lat': 46.2484687, 'lon': 10.770611}, {'lat': 46.2485477, 'lon': 10.7705844}, {'lat': 46.2486215, 'lon': 10.7705006}, {'lat': 46.2487136, 'lon': 10.770493}, {'lat': 46.2488084, 'lon': 10.770394}, {'lat': 46.2488821, 'lon': 10.7702683}, {'lat': 46.2488479, 'lon': 10.7701693}, {'lat': 46.2488999, 'lon': 10.7700688}, {'lat': 46.2489158, 'lon': 10.7700051}];lake
11183760;Lago Ritort;;;{'minlat': 46.226227, 'minlon': 10.7836308, 'maxlat': 46.2289682, 'maxlon': 10.7902008};[{'lat': 46.2279557, 'lon': 10.7845946}, {'lat': 46.2278363, 'lon': 10.7845648}, {'lat': 46.2275894, 'lon': 10.7842971}, {'lat': 46.2275523, 'lon': 10.7841424}, {'lat': 46.2273424, 'lon': 10.7838687}, {'lat': 46.2272642, 'lon': 10.7837497}, {'lat': 46.2270132, 'lon': 10.7837319}, {'lat': 46.226758, 'lon': 10.7836308}, {'lat': 46.2266427, 'lon': 10.7836546}, {'lat': 46.2265686, 'lon': 10.7837795}, {'lat': 46.2265522, 'lon': 10.7839401}, {'lat': 46.2265975, 'lon': 10.7842971}, {'lat': 46.226725, 'lon': 10.7844934}, {'lat': 46.2267868, 'lon': 10.784666}, {'lat': 46.2267209, 'lon': 10.7849515}, {'lat': 46.2266386, 'lon': 10.7852788}, {'lat': 46.2267004, 'lon': 10.7854394}, {'lat': 46.2266345, 'lon': 10.7855465}, {'lat': 46.2265522, 'lon': 10.7857845}, {'lat': 46.2265481, 'lon': 10.7860938}, {'lat': 46.2264452, 'lon': 10.7862545}, {'lat': 46.2264164, 'lon': 10.786433}, {'lat': 46.2263793, 'lon': 10.7864746}, {'lat': 46.2263176, 'lon': 10.7864032}, {'lat': 46.2262517, 'lon': 10.7865341}, {'lat': 46.2262558, 'lon': 10.7867245}, {'lat': 46.226227, 'lon': 10.7868732}, {'lat': 46.2263011, 'lon': 10.7870934}];lake
11183943;Lago Vedretta;;;{'minlat': 46.2282831, 'minlon': 10.7008837, 'maxlat': 46.2311357, 'maxlon': 10.7091007};[{'lat': 46.231083, 'lon': 10.7018433}, {'lat': 46.2310277, 'lon': 10.7017709}, {'lat': 46.2309408, 'lon': 10.7017862}, {'lat': 46.2307986, 'lon': 10.70171}, {'lat': 46.2307722, 'lon': 10.7016224}, {'lat': 46.2307828, 'lon': 10.7015044}, {'lat': 46.2306812, 'lon': 10.7013787}, {'lat': 46.2305931, 'lon': 10.7012835}, {'lat': 46.2303982, 'lon': 10.7012264}, {'lat': 46.2303481, 'lon': 10.7011503}, {'lat': 46.2302507, 'lon': 10.7011046}, {'lat': 46.2301506, 'lon': 10.7009675}, {'lat': 46.2300268, 'lon': 10.7008837}, {'lat': 46.2299457, 'lon': 10.7009567}, {'lat': 46.2298732, 'lon': 10.7010471}, {'lat': 46.2297349, 'lon': 10.7012898}, {'lat': 46.2296493, 'lon': 10.7014802}, {'lat': 46.2295703, 'lon': 10.7017277}, {'lat': 46.2295341, 'lon': 10.7018134}, {'lat': 46.2295013, 'lon': 10.7017492}, {'lat': 46.2295283, 'lon': 10.7016468}, {'lat': 46.229562, 'lon': 10.701525}, {'lat': 46.2295215, 'lon': 10.7014811}, {'lat': 46.2294339, 'lon': 10.7014714}, {'lat': 46.2293597, 'lon': 10.7015347}, {'lat': 46.2293058, 'lon': 10.7015713}, {'lat': 46.2292855, 'lon': 10.7016639}, {'lat': 46.2293125, 'lon': 10.7017882}, {'lat': 46.2293816, 'lon': 10.7018613}, {'lat': 46.2294132, 'lon': 10.7020019}, {'lat': 46.2293978, 'lon': 10.7021953}, {'lat': 46.2294081, 'lon': 10.7023217}, {'lat': 46.2293261, 'lon': 10.7024868}, {'lat': 46.2292761, 'lon': 10.7026277}, {'lat': 46.2291997, 'lon': 10.7026962}, {'lat': 46.2291549, 'lon': 10.7026162}, {'lat': 46.2290996, 'lon': 10.7026505}, {'lat': 46.2290548, 'lon': 10.7027381}, {'lat': 46.2289442, 'lon': 10.7027952}, {'lat': 46.2288362, 'lon': 10.7029208}, {'lat': 46.2287677, 'lon': 10.7030846}, {'lat': 46.228694, 'lon': 10.7032788}, {'lat': 46.2286545, 'lon': 10.7033321}, {'lat': 46.2286123, 'lon': 10.7033625}, {'lat': 46.2286387, 'lon': 10.7034196}, {'lat': 46.228715, 'lon': 10.7034577}, {'lat': 46.2288046, 'lon': 10.7034158}, {'lat': 46.2288889, 'lon': 10.7034311}, {'lat': 46.2289943, 'lon': 10.7035339}, {'lat': 46.2290733, 'lon': 10.7035453}, {'lat': 46.2291523, 'lon': 10.7034996}, {'lat': 46.2292102, 'lon': 10.7034958}, {'lat': 46.2292102, 'lon': 10.7035491}, {'lat': 46.2291734, 'lon': 10.7036176}, {'lat': 46.2291576, 'lon': 10.7037814}, {'lat': 46.2291602, 'lon': 10.7039261}, {'lat': 46.2291181, 'lon': 10.7040784}, {'lat': 46.2290206, 'lon': 10.7043297}, {'lat': 46.2288336, 'lon': 10.7046419}, {'lat': 46.2287914, 'lon': 10.7048094}, {'lat': 46.2288257, 'lon': 10.7049161}, {'lat': 46.2288599, 'lon': 10.7050455}, {'lat': 46.2289389, 'lon': 10.7050608}, {'lat': 46.2290022, 'lon': 10.7052511}, {'lat': 46.2290101, 'lon': 10.7053768}, {'lat': 46.2290706, 'lon': 10.7054606}, {'lat': 46.2290759, 'lon': 10.7056014}, {'lat': 46.2290759, 'lon': 10.7057537}, {'lat': 46.228989, 'lon': 10.7058718}, {'lat': 46.2288784, 'lon': 10.7060926}, {'lat': 46.2288678, 'lon': 10.7062145}, {'lat': 46.2289231, 'lon': 10.7064391}, {'lat': 46.2288863, 'lon': 10.7065991}, {'lat': 46.2289205, 'lon': 10.7067323}, {'lat': 46.2288915, 'lon': 10.7068694}, {'lat': 46.2289152, 'lon': 10.7069798}, {'lat': 46.2288599, 'lon': 10.7070864}, {'lat': 46.2288336, 'lon': 10.7072159}, {'lat': 46.2287677, 'lon': 10.7073568}, {'lat': 46.2287546, 'lon': 10.7074291}, {'lat': 46.2286044, 'lon': 10.7075967}, {'lat': 46.2285517, 'lon': 10.7077109}, {'lat': 46.2284727, 'lon': 10.7077909}, {'lat': 46.2283673, 'lon': 10.7078975}, {'lat': 46.2282831, 'lon': 10.7080193}, {'lat': 46.2282962, 'lon': 10.7081678}, {'lat': 46.2283911, 'lon': 10.708263}, {'lat': 46.2284885, 'lon': 10.708263}, {'lat': 46.228528, 'lon': 10.7083201}, {'lat': 46.2285991, 'lon': 10.7083315}, {'lat': 46.2286202, 'lon': 10.7084458}, {'lat': 46.2286123, 'lon': 10.7085943}, {'lat': 46.2286518, 'lon': 10.7087009}, {'lat': 46.2287941, 'lon': 10.7086933}, {'lat': 46.2288573, 'lon': 10.7087847}, {'lat': 46.2288467, 'lon': 10.708857}, {'lat': 46.2289021, 'lon': 10.7089293}, {'lat': 46.2290074, 'lon': 10.7091007}, {'lat': 46.2290733, 'lon': 10.7090855}, {'lat': 46.2292208, 'lon': 10.7089332}, {'lat': 46.2293867, 'lon': 10.7087542}, {'lat': 46.2295079, 'lon': 10.7087047}, {'lat': 46.2296106, 'lon': 10.7085105}, {'lat': 46.2296791, 'lon': 10.7084153}, {'lat': 46.2298793, 'lon': 10.7082249}, {'lat': 46.2299609, 'lon': 10.7080878}, {'lat': 46.2300584, 'lon': 10.7079165}, {'lat': 46.2301058, 'lon': 10.7077566}, {'lat': 46.2301559, 'lon': 10.7076652}, {'lat': 46.2301506, 'lon': 10.7075586}, {'lat': 46.2302323, 'lon': 10.7072959}, {'lat': 46.2302507, 'lon': 10.7071778}, {'lat': 46.2303429, 'lon': 10.7068884}, {'lat': 46.2303613, 'lon': 10.7067742}, {'lat': 46.2304877, 'lon': 10.7062259}, {'lat': 46.2306247, 'lon': 10.7058413}, {'lat': 46.2306669, 'lon': 10.7056052}, {'lat': 46.2306616, 'lon': 10.7053044}, {'lat': 46.2307143, 'lon': 10.7050417}, {'lat': 46.230767, 'lon': 10.7049199}, {'lat': 46.2308117, 'lon': 10.7047219}];lake
11184590;Unnamed;;;{'minlat': 46.4739068, 'minlon': 10.7510978, 'maxlat': 46.4757112, 'maxlon': 10.7534287};[{'lat': 46.4744242, 'lon': 10.7531276}, {'lat': 46.4743705, 'lon': 10.7527583}, {'lat': 46.4743204, 'lon': 10.7524309}, {'lat': 46.4742359, 'lon': 10.7522325}, {'lat': 46.4740105, 'lon': 10.752195}, {'lat': 46.4739671, 'lon': 10.7520824}, {'lat': 46.4739068, 'lon': 10.7519259}, {'lat': 46.4739423, 'lon': 10.7516393}, {'lat': 46.4740529, 'lon': 10.7514834}, {'lat': 46.4741918, 'lon': 10.7513614}, {'lat': 46.4743965, 'lon': 10.7512417}, {'lat': 46.4746638, 'lon': 10.7510978}, {'lat': 46.4749188, 'lon': 10.7511161}];lake
11326783;Lago Poinella;;;{'minlat': 46.4568627, 'minlon': 10.9405224, 'maxlat': 46.4573974, 'maxlon': 10.9423677};[{'lat': 46.4568858, 'lon': 10.941526}, {'lat': 46.4569319, 'lon': 10.9414122}, {'lat': 46.4570102, 'lon': 10.9412985}, {'lat': 46.4570563, 'lon': 10.9412316}, {'lat': 46.4570793, 'lon': 10.9410978}, {'lat': 46.457107, 'lon': 10.9409439}, {'lat': 46.4571485, 'lon': 10.9408034}, {'lat': 46.4571946, 'lon': 10.9407232}, {'lat': 46.4572821, 'lon': 10.9406228}];lake
11906689;Lago di Bior;;;{'minlat': 46.1416166, 'minlon': 10.9683385, 'maxlat': 46.1446651, 'maxlon': 10.9722868};[{'lat': 46.1439905, 'lon': 10.9715652}, {'lat': 46.1439868, 'lon': 10.9714526}, {'lat': 46.1440184, 'lon': 10.9713694}, {'lat': 46.1440426, 'lon': 10.9713399}, {'lat': 46.1441485, 'lon': 10.9713426}, {'lat': 46.1442265, 'lon': 10.9714767}, {'lat': 46.1442711, 'lon': 10.9716055}, {'lat': 46.1443176, 'lon': 10.9716323}, {'lat': 46.1443826, 'lon': 10.9716725}, {'lat': 46.1444514, 'lon': 10.9717342}, {'lat': 46.1444904, 'lon': 10.9717852}, {'lat': 46.1445294, 'lon': 10.9718764}, {'lat': 46.1445443, 'lon': 10.9719944}, {'lat': 46.1444811, 'lon': 10.9720722}, {'lat': 46.1444272, 'lon': 10.9721071}, {'lat': 46.1443492, 'lon': 10.9721017}, {'lat': 46.1442804, 'lon': 10.9720588}, {'lat': 46.144234, 'lon': 10.9720266}, {'lat': 46.1441801, 'lon': 10.9719327}, {'lat': 46.1441113, 'lon': 10.9719193}, {'lat': 46.1440667, 'lon': 10.9719166}, {'lat': 46.1440277, 'lon': 10.9718388}, {'lat': 46.1440221, 'lon': 10.9717745}, {'lat': 46.1439924, 'lon': 10.9716189}, {'lat': 46.1439905, 'lon': 10.9715652}];lake
14300177;Lago di Lusia (superiore);;;{'minlat': 46.3491268, 'minlon': 11.7391078, 'maxlat': 46.3503664, 'maxlon': 11.7412523};[{'lat': 46.3491268, 'lon': 11.7393963}, {'lat': 46.3491278, 'lon': 11.7395426}];lake
15066569;Unnamed;;;{'minlat': 46.1491377, 'minlon': 11.7980558, 'maxlat': 46.1494456, 'maxlon': 11.7984078};[{'lat': 46.1491645, 'lon': 11.7981041}, {'lat': 46.1491482, 'lon': 11.7981304}, {'lat': 46.1491377, 'lon': 11.7981787}, {'lat': 46.1491415, 'lon': 11.7982366}, {'lat': 46.1491477, 'lon': 11.7982506}, {'lat': 46.1491635, 'lon': 11.7982863}, {'lat': 46.1491836, 'lon': 11.798325}, {'lat': 46.1492094, 'lon': 11.7983471}, {'lat': 46.1492658, 'lon': 11.7983885}, {'lat': 46.1493031, 'lon': 11.7983995}, {'lat': 46.1493442, 'lon': 11.7984078}, {'lat': 46.1493768, 'lon': 11.7984023}, {'lat': 46.1493917, 'lon': 11.7983822}, {'lat': 46.1494054, 'lon': 11.7983636}, {'lat': 46.149436, 'lon': 11.7983015}, {'lat': 46.1494427, 'lon': 11.7982463}, {'lat': 46.1494456, 'lon': 11.7981897}, {'lat': 46.1494332, 'lon': 11.7981386}, {'lat': 46.149393, 'lon': 11.7980945}, {'lat': 46.1493404, 'lon': 11.7980669}, {'lat': 46.1492897, 'lon': 11.7980558}, {'lat': 46.1492333, 'lon': 11.79806}, {'lat': 46.1491951, 'lon': 11.7980724}, {'lat': 46.1491645, 'lon': 11.7981041}];lake
15692861;Lago di Terlago;;;{'minlat': 46.0911903, 'minlon': 11.0512251, 'maxlat': 46.094169, 'maxlon': 11.0549122};[{'lat': 46.0941532, 'lon': 11.05409}, {'lat': 46.094169, 'lon': 11.0545227}, {'lat': 46.0941378, 'lon': 11.0547996}, {'lat': 46.094082, 'lon': 11.0549122}, {'lat': 46.0939704, 'lon': 11.0549122}, {'lat': 46.0937174, 'lon': 11.0548961}];lake
15866441;Unnamed;;;{'minlat': 45.9635183, 'minlon': 10.9087606, 'maxlat': 45.963889, 'maxlon': 10.9103042};[{'lat': 45.9635687, 'lon': 10.9102645}, {'lat': 45.9635787, 'lon': 10.9103042}, {'lat': 45.9636026, 'lon': 10.9103006}, {'lat': 45.9636063, 'lon': 10.9102645}, {'lat': 45.9636189, 'lon': 10.9102519}, {'lat': 45.9636289, 'lon': 10.9102194}, {'lat': 45.963644, 'lon': 10.9101671}, {'lat': 45.9636753, 'lon': 10.9101148}, {'lat': 45.9636715, 'lon': 10.910057}, {'lat': 45.9636782, 'lon': 10.9099458}, {'lat': 45.9636778, 'lon': 10.9099181}, {'lat': 45.9637117, 'lon': 10.9098333}, {'lat': 45.963797, 'lon': 10.9096456}, {'lat': 45.9637932, 'lon': 10.9096023}, {'lat': 45.9637869, 'lon': 10.9095464}, {'lat': 45.9637475, 'lon': 10.909474}, {'lat': 45.9638016, 'lon': 10.9094255}, {'lat': 45.9638081, 'lon': 10.9094031}, {'lat': 45.9638436, 'lon': 10.9092245}, {'lat': 45.9638539, 'lon': 10.9091097}, {'lat': 45.9638642, 'lon': 10.9090725}, {'lat': 45.963874, 'lon': 10.9090572}, {'lat': 45.963889, 'lon': 10.9089709}, {'lat': 45.9638868, 'lon': 10.9089491}, {'lat': 45.9638792, 'lon': 10.9088721}, {'lat': 45.9638672, 'lon': 10.9087606}, {'lat': 45.9638476, 'lon': 10.9089014}, {'lat': 45.9638149, 'lon': 10.909029}, {'lat': 45.9638108, 'lon': 10.9091312}, {'lat': 45.9637971, 'lon': 10.9092313}, {'lat': 45.963789, 'lon': 10.9092922}, {'lat': 45.9637576, 'lon': 10.9093334}, {'lat': 45.9637262, 'lon': 10.9093727}, {'lat': 45.9637071, 'lon': 10.9094276}, {'lat': 45.9636916, 'lon': 10.9094868}, {'lat': 45.963546, 'lon': 10.9099944}, {'lat': 45.9635311, 'lon': 10.9100462}, {'lat': 45.9635183, 'lon': 10.9102351}, {'lat': 45.9635687, 'lon': 10.9102645}];lake
15866442;Unnamed;;;{'minlat': 45.963391, 'minlon': 10.9103205, 'maxlat': 45.963932, 'maxlon': 10.9116467};[{'lat': 45.963932, 'lon': 10.9113954}, {'lat': 45.9638321, 'lon': 10.9114193}, {'lat': 45.9637995, 'lon': 10.9113887}, {'lat': 45.963802, 'lon': 10.9113634}, {'lat': 45.9637982, 'lon': 10.9113399}, {'lat': 45.9637819, 'lon': 10.9113237}, {'lat': 45.9637631, 'lon': 10.9113219}, {'lat': 45.9637531, 'lon': 10.9113093}, {'lat': 45.9637543, 'lon': 10.9112876}, {'lat': 45.963738, 'lon': 10.9112389}, {'lat': 45.9636954, 'lon': 10.9112245}, {'lat': 45.963669, 'lon': 10.9112353}, {'lat': 45.9636452, 'lon': 10.911201}, {'lat': 45.9636232, 'lon': 10.9110988}, {'lat': 45.9636375, 'lon': 10.9110975}, {'lat': 45.9636477, 'lon': 10.9110945}, {'lat': 45.9636665, 'lon': 10.9110963}, {'lat': 45.9636741, 'lon': 10.9110693}, {'lat': 45.9636703, 'lon': 10.9110314}, {'lat': 45.9636628, 'lon': 10.9109718}, {'lat': 45.9636615, 'lon': 10.9109303}, {'lat': 45.9636753, 'lon': 10.9108383}, {'lat': 45.9636515, 'lon': 10.9107445}, {'lat': 45.9636189, 'lon': 10.9106759}, {'lat': 45.9636189, 'lon': 10.910629}, {'lat': 45.9635963, 'lon': 10.9105623}, {'lat': 45.9636088, 'lon': 10.9105262}, {'lat': 45.9636201, 'lon': 10.9104955}, {'lat': 45.9636277, 'lon': 10.9104684}, {'lat': 45.9636364, 'lon': 10.9104378}, {'lat': 45.9636377, 'lon': 10.9103818}, {'lat': 45.9636264, 'lon': 10.9103475}, {'lat': 45.9636051, 'lon': 10.9103331}, {'lat': 45.9635913, 'lon': 10.9103223}, {'lat': 45.9635775, 'lon': 10.9103349}, {'lat': 45.9635574, 'lon': 10.9103529}, {'lat': 45.9635373, 'lon': 10.9103511}, {'lat': 45.9634972, 'lon': 10.9103205}, {'lat': 45.9634659, 'lon': 10.9103349}, {'lat': 45.9634508, 'lon': 10.9103764}, {'lat': 45.9634396, 'lon': 10.9104121}, {'lat': 45.9634337, 'lon': 10.9104225}, {'lat': 45.9634343, 'lon': 10.9104392}, {'lat': 45.9634257, 'lon': 10.9105081}, {'lat': 45.9634157, 'lon': 10.9105731}, {'lat': 45.9634132, 'lon': 10.9106561}, {'lat': 45.9634019, 'lon': 10.9107265}, {'lat': 45.9633938, 'lon': 10.91076}, {'lat': 45.9634031, 'lon': 10.9108167}, {'lat': 45.9634119, 'lon': 10.9108672}, {'lat': 45.9634227, 'lon': 10.9109214}, {'lat': 45.963413, 'lon': 10.9109537}, {'lat': 45.963391, 'lon': 10.9109807}, {'lat': 45.9634597, 'lon': 10.9111179}, {'lat': 45.9635033, 'lon': 10.9111024}, {'lat': 45.963516, 'lon': 10.9111198}, {'lat': 45.9635461, 'lon': 10.9111198}, {'lat': 45.9635888, 'lon': 10.9111108}, {'lat': 45.9636176, 'lon': 10.9112371}, {'lat': 45.9636139, 'lon': 10.911266}, {'lat': 45.9636026, 'lon': 10.9113075}, {'lat': 45.9636101, 'lon': 10.9113381}, {'lat': 45.9636239, 'lon': 10.9113887}, {'lat': 45.9636289, 'lon': 10.9114608}, {'lat': 45.9636402, 'lon': 10.9114825}, {'lat': 45.9636603, 'lon': 10.9114969}, {'lat': 45.9636715, 'lon': 10.9115312}, {'lat': 45.9636816, 'lon': 10.9115727}, {'lat': 45.9637017, 'lon': 10.911607}, {'lat': 45.963733, 'lon': 10.9116196}, {'lat': 45.9637518, 'lon': 10.9116286}, {'lat': 45.9637706, 'lon': 10.9116449}, {'lat': 45.963792, 'lon': 10.9116467}, {'lat': 45.9638083, 'lon': 10.9116304}, {'lat': 45.9638258, 'lon': 10.9116106}, {'lat': 45.9638421, 'lon': 10.9115529}, {'lat': 45.9638484, 'lon': 10.9114933}, {'lat': 45.9638647, 'lon': 10.9114626}, {'lat': 45.9639263, 'lon': 10.9114424}, {'lat': 45.9639286, 'lon': 10.9114232}, {'lat': 45.963932, 'lon': 10.9113954}];lake
